{
  "172.66.147.243": {
    "expires_at": 1777330620.3581712,
    "data": 0
  },
  "104.20.23.154": {
    "expires_at": 1777331000.1516476,
    "data": 0
  },
  "104.18.24.53": {
    "expires_at": 1777333237.7963953,
    "data": 0
  }
}